City_ID,City,Country,Lat,Lng,Max Temp,Humidity,Cloudiness,Wind Speed,Current Description
0,Lae,PG,-6.7221,146.9847,75.87,63,100,6.13,overcast clouds
1,Rikitea,PF,-23.1203,-134.9692,77.9,70,69,3.15,broken clouds
2,Dingle,PH,10.9995,122.6711,74.07,95,100,7.18,overcast clouds
3,Sorong,ID,-0.8833,131.25,80.64,80,97,9.71,overcast clouds
4,Pevek,RU,69.7008,170.3133,-31.2,100,100,4.54,overcast clouds
5,Saint-Louis,SN,16.3333,-15.0,80.24,12,99,10.09,overcast clouds
6,Marrakesh,MA,31.6315,-8.0083,53.67,76,20,8.05,few clouds
7,Hilo,US,19.7297,-155.09,82.13,76,40,12.66,scattered clouds
8,Provideniya,RU,64.3833,-173.3,-12.89,58,0,8.95,clear sky
9,Aykhal,RU,66.0,111.5,-47.54,100,90,1.14,overcast clouds
10,Mar Del Plata,AR,-38.0023,-57.5575,75.22,89,75,23.02,moderate rain
11,Zlobin,HR,45.2924,14.6541,37.58,79,100,4.92,light rain
12,Nikolskoye,RU,59.7035,30.7861,33.69,98,100,9.24,overcast clouds
13,Barrow,US,71.2906,-156.7887,-2.18,78,100,18.41,light snow
14,Lisakovsk,KZ,52.5369,62.4936,-4.09,76,2,5.41,clear sky
15,Bonthe,SL,7.5264,-12.505,77.36,82,20,8.41,few clouds
16,Rawson,AR,-43.3002,-65.1023,78.46,50,72,17.92,broken clouds
17,Butaritari,KI,3.0707,172.7902,80.51,80,9,13.85,light rain
18,Sovetskiy,RU,61.3614,63.5842,6.04,98,36,3.18,scattered clouds
19,Killybegs,IE,54.6333,-8.45,39.25,63,91,9.91,light rain
20,Lethem,GY,3.3803,-59.7968,89.65,51,40,13.8,scattered clouds
21,Busselton,AU,-33.65,115.3333,59.31,72,11,14.58,few clouds
22,Sekoma,BW,-24.4,23.8833,73.53,52,3,7.67,clear sky
23,Belawan,ID,3.7755,98.6832,75.49,87,64,4.7,broken clouds
24,Lorengau,PG,-2.0226,147.2712,81.63,78,100,7.52,overcast clouds
25,Tarko-Sale,RU,64.9225,77.785,-9.92,99,74,6.67,broken clouds
26,Chuy,UY,-33.6971,-53.4616,73.58,69,50,12.5,scattered clouds
27,Bethel,US,41.3712,-73.414,48.29,53,20,13.8,few clouds
28,Avarua,CK,-21.2078,-159.775,78.85,89,100,12.66,light rain
29,Katsuura,JP,35.1333,140.3,45.97,72,100,15.43,overcast clouds
30,Tatvan,TR,38.5067,42.2817,29.86,81,28,5.01,scattered clouds
31,San Cristobal,VE,7.7669,-72.225,77.18,63,65,1.83,broken clouds
32,Puerto Ayora,EC,-0.7393,-90.3518,79.56,87,98,5.01,overcast clouds
33,Magadan,RU,59.5667,150.8,-14.21,77,100,11.97,overcast clouds
34,Albany,US,42.6001,-73.9662,42.06,79,100,10.0,overcast clouds
35,Kapaa,US,22.0752,-159.319,80.92,76,0,5.75,clear sky
36,Severo-Kurilsk,RU,50.6789,156.125,15.75,60,100,27.11,light snow
37,Fortuna,US,40.5982,-124.1573,47.93,95,100,9.22,heavy intensity rain
38,Upernavik,GL,72.7868,-56.1549,-16.42,78,99,5.1,overcast clouds
39,Eyrarbakki,IS,63.863,-21.1481,8.65,71,22,8.63,few clouds
40,Hermanus,ZA,-34.4187,19.2345,69.8,88,36,4.83,scattered clouds
41,Mago,RU,53.2514,140.1822,-41.03,100,55,1.32,broken clouds
42,Kavieng,PG,-2.5744,150.7967,83.64,72,95,8.75,overcast clouds
43,Mahebourg,MU,-20.4081,57.7,79.09,94,75,13.8,moderate rain
44,Bengkulu,ID,-3.8004,102.2655,74.28,90,80,3.67,broken clouds
45,Byron Bay,AU,-28.65,153.6167,72.95,62,6,5.61,clear sky
46,Geraldton,AU,-28.7667,114.6,72.01,73,46,5.75,scattered clouds
47,Tura,IN,25.5198,90.2201,50.7,61,0,3.44,clear sky
48,Vaini,TO,-21.2,-175.2,84.36,74,75,5.75,broken clouds
49,Tooele,US,40.5308,-112.2983,32.65,79,40,1.01,scattered clouds
50,Punta Arenas,CL,-53.15,-70.9167,69.91,46,0,19.57,clear sky
51,Hecun,CN,36.5333,114.1111,27.68,52,57,6.73,broken clouds
52,Hobart,AU,-42.8794,147.3294,55.26,64,20,13.8,few clouds
53,Khandyga,RU,62.6667,135.6,-58.95,99,100,1.79,overcast clouds
54,Hohhot,CN,40.8106,111.6522,-0.11,78,66,2.24,broken clouds
55,Kudahuvadhoo,MV,2.6708,72.8944,79.95,81,29,14.88,scattered clouds
56,Souillac,MU,-20.5167,57.5167,79.18,94,75,13.8,light rain
57,Dudinka,RU,69.4058,86.1778,-18.38,86,100,4.59,overcast clouds
58,Cherskiy,RU,68.75,161.3,-41.98,99,100,3.98,overcast clouds
59,Lagoa,PT,39.05,-27.9833,55.71,68,3,7.47,clear sky
60,Karratha,AU,-20.7377,116.8463,80.08,73,68,6.4,broken clouds
61,Rio Claro,BR,-22.4114,-47.5614,76.05,74,73,3.18,heavy intensity rain
62,Khatanga,RU,71.9667,102.5,-30.59,100,38,6.69,scattered clouds
63,Port Elizabeth,ZA,-33.918,25.5701,80.89,70,0,9.22,clear sky
64,Thompson,CA,55.7435,-97.8558,17.76,79,100,4.61,overcast clouds
65,Ushuaia,AR,-54.8,-68.3,62.26,51,75,17.27,broken clouds
66,Borogontsy,RU,62.6683,131.1683,-56.07,100,100,2.57,overcast clouds
67,Kyakhta,RU,50.3508,106.4494,-25.17,86,43,4.63,scattered clouds
68,Valea Crisului,RO,45.9167,25.7667,46.54,86,74,3.6,broken clouds
69,Tuktoyaktuk,CA,69.4541,-133.0374,8.6,85,100,3.44,light snow
70,Bud,US,39.447,-86.1758,41.02,94,100,8.57,moderate rain
71,Padang,ID,-0.9492,100.3543,75.25,87,100,3.62,overcast clouds
72,Constitucion,CL,-35.3333,-72.4167,65.91,64,12,7.47,few clouds
73,Pisco,PE,-13.7,-76.2167,76.01,83,90,6.91,mist
74,Ostrovnoy,RU,68.0531,39.5131,24.53,88,100,16.93,overcast clouds
75,Mataura,NZ,-46.1927,168.8643,71.51,48,8,2.28,clear sky
76,San Patricio,US,28.017,-97.5169,85.95,37,57,12.19,broken clouds
77,Bluff,NZ,-46.6,168.3333,61.52,73,25,1.66,scattered clouds
78,Itacoatiara,BR,-3.1431,-58.4442,73.36,91,97,3.47,overcast clouds
79,Vestmanna,FO,62.1564,-7.1664,36.52,81,75,27.63,light rain
80,Russell,US,32.3502,-85.1999,72.68,78,40,8.05,scattered clouds
81,Aksu,CN,41.1231,80.2644,-0.92,91,5,3.69,clear sky
82,Otane,NZ,-39.8833,176.6333,66.0,91,100,4.25,overcast clouds
83,La Cruz,MX,23.9167,-106.9,73.58,58,31,13.56,scattered clouds
84,Bartica,GY,6.4,-58.6167,79.12,94,17,3.83,few clouds
85,Hualmay,PE,-11.0964,-77.6139,73.56,71,64,10.83,broken clouds
86,Bredasdorp,ZA,-34.5322,20.0403,70.97,78,49,6.04,scattered clouds
87,Ribeira Grande,PT,38.5167,-28.7,54.0,76,20,5.99,few clouds
88,Atuona,PF,-9.8,-139.0333,77.99,78,28,17.47,light rain
89,Iqaluit,CA,63.7506,-68.5145,-18.31,75,20,2.3,few clouds
90,Turayf,SA,31.6725,38.6637,44.85,76,0,0.0,clear sky
91,Bayangol,RU,50.6977,103.4656,-28.97,97,10,3.49,clear sky
92,Arraial Do Cabo,BR,-22.9661,-42.0278,78.76,78,20,16.11,few clouds
93,Ahipara,NZ,-35.1667,173.1667,70.68,66,4,7.94,clear sky
94,Kosh-Agach,RU,50.0,88.6667,-11.56,98,100,2.28,overcast clouds
95,Batemans Bay,AU,-35.7167,150.1833,58.37,88,100,10.07,overcast clouds
96,Saint George,US,37.1041,-113.5841,47.95,47,0,6.91,clear sky
97,Prince Rupert,CA,54.3161,-130.3201,40.69,87,75,24.16,light rain
98,Raga,SS,8.4596,25.678,71.91,24,15,2.35,few clouds
99,Quilmana,PE,-12.95,-76.3833,73.47,72,81,5.39,broken clouds
100,Hinton,CA,53.4001,-117.5857,31.69,87,84,5.88,broken clouds
101,Honningsvag,NO,70.9821,25.9704,28.15,74,100,27.63,overcast clouds
102,Marawi,PH,7.9986,124.2928,66.81,97,100,1.43,overcast clouds
103,Honiara,SB,-9.4333,159.95,81.03,83,96,5.7,overcast clouds
104,Port Alfred,ZA,-33.5906,26.891,80.19,74,100,5.99,overcast clouds
105,Yerbogachen,RU,61.2767,108.0108,-37.46,97,100,3.44,overcast clouds
106,Yellowknife,CA,62.456,-114.3525,19.92,93,100,11.5,mist
107,Mahajanga,MG,-15.7167,46.3167,82.42,57,20,4.61,few clouds
108,Saskylakh,RU,71.9167,114.0833,-35.54,100,61,3.91,broken clouds
109,Hithadhoo,MV,-0.6,73.0833,81.23,74,14,6.89,few clouds
110,Kyren,RU,51.6828,102.1408,-17.39,88,75,1.59,broken clouds
111,Norman Wells,CA,65.282,-126.8329,-3.96,84,100,5.75,overcast clouds
112,Abu Samrah,SY,35.3029,37.1841,49.15,83,1,5.23,clear sky
113,Magdalena,PH,14.1999,121.429,77.36,90,95,10.4,overcast clouds
114,Batagay,RU,67.6333,134.6333,-50.85,100,98,0.78,overcast clouds
115,Huntington,US,38.4193,-82.4452,54.5,63,75,0.0,broken clouds
116,Lucapa,AO,-8.4192,20.7447,63.1,88,100,1.32,overcast clouds
117,Georgetown,MY,5.4112,100.3354,80.53,85,20,8.05,few clouds
118,Xuddur,SO,4.1213,43.8894,73.22,35,95,11.48,overcast clouds
119,Patiya,BD,22.2931,91.9762,52.54,60,2,6.2,clear sky
120,Jacksonville Beach,US,30.2947,-81.3931,79.07,72,75,8.05,broken clouds
121,Carauari,BR,-4.8828,-66.8958,74.77,96,98,5.37,overcast clouds
122,Naples,IT,40.8333,14.25,56.12,78,40,6.91,scattered clouds
123,Kumta,IN,14.4167,74.4,70.21,43,79,6.11,broken clouds
124,Port Said,EG,31.2565,32.2841,60.78,88,0,9.22,clear sky
125,Talnakh,RU,69.4865,88.3972,-18.8,85,100,5.46,overcast clouds
126,Mayo,US,38.8876,-76.5119,55.81,53,0,10.36,clear sky
127,Vila Velha,BR,-20.3297,-40.2925,80.55,82,40,10.36,scattered clouds
128,Longyearbyen,SJ,78.2186,15.6401,6.64,78,0,11.5,clear sky
129,Zhezkazgan,KZ,47.8043,67.7144,5.4,86,4,9.8,clear sky
130,Qaanaaq,GL,77.484,-69.3632,-20.4,95,100,3.44,overcast clouds
131,Lompoc,US,34.6391,-120.4579,62.69,52,40,8.05,scattered clouds
132,Okha,RU,53.5739,142.9478,-36.47,100,35,5.77,scattered clouds
133,Bara,NG,10.3744,10.7288,72.32,26,4,8.32,clear sky
134,Kindu,CD,-2.95,25.95,70.11,97,94,3.11,light rain
135,Hofn,IS,64.2539,-15.2082,27.93,60,24,26.08,few clouds
136,Sitka,US,57.0531,-135.33,40.89,70,75,12.66,broken clouds
137,Cap Malheureux,MU,-19.9842,57.6142,78.48,85,100,5.99,light rain
138,East London,ZA,-33.0153,27.9116,77.29,87,63,18.95,broken clouds
139,Mnogovershinnyy,RU,53.9353,139.9242,-33.5,91,19,3.09,few clouds
140,Lima,PE,-12.0432,-77.0282,71.85,73,0,10.36,clear sky
141,Ilulissat,GL,69.2167,-51.1,-30.05,68,1,6.04,clear sky
142,Santiago De Compostela,ES,42.8805,-8.5457,46.18,88,40,0.0,scattered clouds
143,Carnarvon,AU,-24.8667,113.6333,76.98,76,26,7.07,scattered clouds
144,Papar,MY,5.7333,115.9333,73.4,88,100,3.24,overcast clouds
145,Victoria,HK,22.2855,114.1577,58.24,74,60,1.01,broken clouds
146,Chaman,PK,30.9236,66.4512,38.93,93,100,1.72,overcast clouds
147,Kununurra,AU,-15.7667,128.7333,76.98,100,75,5.75,broken clouds
148,Belaya Gora,RU,68.5333,146.4167,-26.73,99,99,2.37,overcast clouds
149,Cape Town,ZA,-33.9258,18.4232,71.1,80,75,3.44,broken clouds
150,Yuli,NG,9.6989,10.2744,72.43,26,36,5.19,scattered clouds
151,Hami,CN,42.8,93.45,13.19,50,0,6.82,clear sky
152,Bonavista,CA,48.6499,-53.1147,37.06,92,100,17.4,overcast clouds
153,Arlit,NE,18.7369,7.3853,64.54,10,53,8.28,broken clouds
154,Komsomolskiy,UZ,40.4272,71.7189,18.32,73,94,4.61,overcast clouds
155,Bilma,NE,18.6853,12.9164,63.34,18,18,4.85,few clouds
156,Cayenne,GF,4.9333,-52.3333,77.04,88,75,6.91,broken clouds
157,Yulara,AU,-25.2406,130.9889,75.02,43,0,17.56,clear sky
158,Lata,PT,40.1629,-8.3327,42.08,87,48,1.86,scattered clouds
159,Great Yarmouth,GB,52.6083,1.7305,37.42,91,33,15.73,light rain
160,Letka,RU,59.6011,49.4232,15.46,91,97,8.77,overcast clouds
161,Urcos,PE,-13.6861,-71.6228,64.29,90,99,0.31,overcast clouds
162,Seybaplaya,MX,19.65,-90.6667,84.99,55,66,4.45,broken clouds
163,Oistins,BB,13.0667,-59.5333,78.89,69,40,16.11,scattered clouds
164,Itaperucu,BR,-25.22,-49.3478,68.95,98,100,2.26,overcast clouds
165,Atambua,ID,-9.1061,124.8925,73.78,89,100,1.39,light rain
166,Langsa,ID,4.4683,97.9683,70.5,90,79,2.35,broken clouds
167,Assiniboia,CA,49.6334,-105.9845,28.22,100,92,1.14,overcast clouds
168,Necochea,AR,-38.5473,-58.7368,73.67,71,100,21.65,light rain
169,Mwinilunga,ZM,-11.7358,24.4293,59.95,98,77,3.38,broken clouds
170,Jalu,LY,29.0331,21.5482,58.46,39,0,9.08,clear sky
171,Aleksandrov Gay,RU,50.147,48.5704,19.44,92,6,8.46,clear sky
172,Ambanja,MG,-13.6833,48.45,73.51,96,100,8.75,moderate rain
173,New Norfolk,AU,-42.7826,147.0587,56.7,56,47,4.0,scattered clouds
174,Santa Rosa,PH,14.3122,121.1114,78.12,81,82,12.08,broken clouds
175,Aklavik,CA,68.2191,-135.0107,-4.0,84,100,4.61,light snow
176,Yeppoon,AU,-23.1333,150.7333,73.18,81,70,13.13,broken clouds
177,Nuevitas,CU,21.5453,-77.2644,76.77,59,0,10.83,clear sky
178,Salalah,OM,17.0151,54.0924,73.49,73,0,1.14,clear sky
179,Shenjiamen,CN,29.9576,122.298,41.7,54,1,6.53,clear sky
180,Bambous Virieux,MU,-20.3428,57.7575,79.05,94,75,13.8,moderate rain
181,Pacific Grove,US,36.6177,-121.9166,56.25,70,0,5.99,clear sky
182,Samarai,PG,-10.6167,150.6667,81.75,79,100,10.71,overcast clouds
183,Mossendjo,CG,-2.9506,12.7261,69.89,96,93,1.83,overcast clouds
184,Kargil,IN,34.5667,76.1,0.77,99,100,1.32,light snow
185,Qaqortoq,GL,60.7167,-46.0333,26.92,74,100,7.67,overcast clouds
186,Somerset,US,40.5668,-74.5496,52.29,61,91,7.0,overcast clouds
187,Kodinsk,RU,58.6881,99.1844,-48.51,100,54,3.31,broken clouds
188,Ribnitz-Damgarten,DE,54.25,12.4667,30.06,100,95,11.01,overcast clouds
189,Luderitz,NA,-26.6481,15.1594,66.65,84,8,12.01,clear sky
190,Seoul,KR,37.5683,126.9778,24.24,83,0,4.61,clear sky
191,Xai-Xai,MZ,-25.0519,33.6442,77.58,83,100,10.45,overcast clouds
192,Cabedelo,BR,-6.9811,-34.8339,75.87,81,86,11.83,overcast clouds
193,Cidreira,BR,-30.1811,-50.2056,74.57,86,100,12.82,overcast clouds
194,Nyurba,RU,63.2842,118.3319,-69.57,100,67,1.83,broken clouds
195,Borba,BR,-4.3878,-59.5939,71.92,99,100,2.64,light rain
196,Choix,MX,26.7092,-108.3219,76.03,24,55,6.82,broken clouds
197,Jamestown,US,42.097,-79.2353,35.94,60,100,12.66,mist
198,Adrar,MR,20.5022,-10.0711,65.53,33,83,9.95,broken clouds
199,Clyde River,CA,70.4692,-68.5914,-19.97,69,20,8.05,few clouds
200,Dubbo,AU,-32.25,148.6167,68.13,94,75,4.61,broken clouds
201,North Bend,US,43.4065,-124.2243,44.17,96,75,10.36,broken clouds
202,Mandalgovi,MN,45.7625,106.2708,-7.26,66,26,17.05,scattered clouds
203,Belyy Yar,RU,53.6039,91.3903,4.89,82,40,0.0,light shower snow
204,Baracoa,CU,20.3467,-74.4958,76.42,64,10,8.72,clear sky
205,Zyryanka,RU,65.75,150.85,-23.33,97,100,11.34,overcast clouds
206,Arua,UG,3.0201,30.9111,69.51,36,13,4.97,few clouds
207,Nouadhibou,MR,20.931,-17.0347,66.18,59,70,16.11,broken clouds
208,Harper,LR,4.375,-7.7169,80.02,82,82,6.62,broken clouds
209,Margate,GB,51.3813,1.3862,35.69,86,5,1.99,clear sky
210,Burnie,AU,-41.0667,145.9167,51.94,75,13,10.4,few clouds
211,Plettenberg Bay,ZA,-34.0527,23.3716,73.0,87,99,4.76,overcast clouds
212,Narsaq,GL,60.9167,-46.05,30.42,83,100,8.1,overcast clouds
213,Codrington,AU,-38.2667,141.9667,58.14,52,100,14.29,overcast clouds
214,San Vicente,AR,-26.6167,-54.1333,76.48,72,65,1.86,broken clouds
215,Olafsvik,IS,64.8945,-23.7142,26.26,81,69,16.89,broken clouds
216,Fort Nelson,CA,58.8053,-122.7002,10.94,85,100,0.0,mist
217,Tsalka,GE,41.5946,44.0891,25.88,70,97,5.77,overcast clouds
218,Conceicao Do Araguaia,BR,-8.2578,-49.2647,72.52,93,100,4.5,moderate rain
219,Castro,BR,-24.7911,-50.0119,62.06,96,90,5.37,moderate rain
220,Laukaa,RU,58.7372,29.8453,36.03,98,100,9.04,overcast clouds
221,Kabinda,CD,-6.1333,24.4833,65.23,96,50,2.39,scattered clouds
222,Hambantota,LK,6.1241,81.1185,71.94,100,20,3.44,few clouds
223,Port Lincoln,AU,-34.7333,135.8667,60.04,61,100,15.77,overcast clouds
224,Saint-Ambroise,CA,48.5501,-71.3324,29.8,59,100,10.36,overcast clouds
225,Bouna,CI,9.2667,-3.0,77.43,17,22,4.81,few clouds
226,Chokurdakh,RU,70.6333,147.9167,-32.85,100,26,6.85,scattered clouds
227,Port-Gentil,GA,-0.7193,8.7815,80.56,89,40,4.61,scattered clouds
228,Cairns,AU,-16.9167,145.7667,78.06,90,75,6.91,broken clouds
229,Kaitangata,NZ,-46.2817,169.8464,67.84,66,19,3.62,few clouds
230,Mount Pleasant,US,32.7941,-79.8626,73.09,82,0,9.22,clear sky
231,Airai,TL,-8.9266,125.4092,60.62,94,100,1.77,moderate rain
232,Tepalcatepec,MX,19.1833,-102.85,88.7,23,95,4.23,overcast clouds
233,Hamilton,US,39.1834,-84.5333,45.59,85,100,5.75,overcast clouds
234,Lebu,CL,-37.6167,-73.65,63.99,69,1,9.37,clear sky
235,Faanui,PF,-16.4833,-151.75,80.58,72,19,14.92,light rain
236,Nagato,JP,34.3833,131.2,41.34,65,92,4.05,light rain
237,Ossora,RU,59.2353,163.0719,-3.28,86,100,9.31,overcast clouds
238,Quthing,LS,-30.4,27.7003,74.05,36,77,4.88,broken clouds
239,Havoysund,NO,70.9963,24.6622,28.63,83,100,12.88,overcast clouds
240,Verkh-Suetka,RU,53.3,80.05,4.71,86,100,9.6,overcast clouds
241,Nanortalik,GL,60.1432,-45.2371,27.95,74,100,13.24,light snow
242,Deputatskiy,RU,69.3,139.9,-26.01,99,58,1.48,broken clouds
243,Asfi,MA,32.2994,-9.2372,55.8,70,5,16.98,clear sky
244,Coahuayana,MX,18.7333,-103.6833,79.36,53,100,6.2,overcast clouds
245,Yatou,CN,37.15,122.3833,31.3,58,16,7.85,few clouds
246,Buckingham,GB,51.9997,-0.9878,34.63,89,9,1.99,clear sky
247,San Andres,CO,12.5847,-81.7006,84.22,70,40,8.05,scattered clouds
248,Otradnoye,RU,59.7775,30.8181,33.85,98,100,9.17,overcast clouds
249,Talara,PE,-4.5772,-81.2719,83.16,51,0,16.11,clear sky
250,Lasa,IT,46.6166,10.7002,29.28,92,93,6.22,overcast clouds
251,Saint-Philippe,RE,-21.3585,55.7679,76.59,91,100,13.42,moderate rain
252,Port Stanley,FK,-51.7,-57.85,64.69,72,0,3.44,clear sky
253,Dikson,RU,73.5069,80.5464,-17.7,81,100,6.24,overcast clouds
254,Kattivakkam,IN,13.2167,80.3167,75.29,69,74,2.55,broken clouds
255,Tiksi,RU,71.6872,128.8694,-28.43,100,99,0.43,overcast clouds
256,Brookings,US,44.3114,-96.7984,21.54,96,100,11.5,mist
257,Naze,JP,28.3667,129.4833,52.72,62,98,8.14,overcast clouds
258,Ankpa,NG,7.3706,7.6253,77.2,22,10,1.41,clear sky
259,Tessalit,ML,20.1986,1.0114,68.97,15,81,2.75,broken clouds
260,Shache,CN,38.4167,77.2406,-0.51,91,100,4.97,overcast clouds
261,Partenit,UA,44.578,34.3446,52.14,69,99,4.54,overcast clouds
262,Opatija,HR,45.3392,14.3083,46.17,89,100,5.73,light rain
263,Bathsheba,BB,13.2167,-59.5167,79.41,69,40,16.11,scattered clouds
264,Phalombe,MW,-15.8064,35.6507,67.19,97,100,0.51,light rain
265,Mandera,KE,3.9366,41.867,81.59,30,63,6.26,broken clouds
266,Itoman,JP,26.1247,127.6694,60.82,65,40,12.66,scattered clouds
267,Kruisfontein,ZA,-34.0033,24.7314,74.88,63,100,5.93,overcast clouds
268,Buraydah,SA,26.326,43.975,46.85,53,53,6.02,broken clouds
269,Sao Jose Da Coroa Grande,BR,-8.8978,-35.1478,78.1,80,28,8.5,scattered clouds
270,Fartura,BR,-23.3883,-49.51,74.34,76,56,11.61,broken clouds
271,Ponta Do Sol,PT,32.6667,-17.1,61.72,68,56,11.01,broken clouds
272,Mamaku,NZ,-38.1,176.0833,72.39,66,100,5.82,light rain
273,Bonga,ET,7.2833,36.2333,59.63,70,41,2.04,scattered clouds
274,Katherine,AU,-14.4667,132.2667,77.32,94,100,5.75,moderate rain
275,Chara,RU,56.9064,118.2631,-37.28,90,100,2.46,overcast clouds
276,Pachelma,RU,53.2443,43.3521,19.56,86,100,15.7,overcast clouds
277,Vila,PT,42.0304,-8.1588,29.28,94,26,3.71,scattered clouds
278,Whitecourt,CA,54.1502,-115.6855,15.04,100,75,8.05,mist
279,San Lorenzo,PY,-25.3333,-57.5333,92.59,49,75,17.27,broken clouds
280,Nishihara,JP,26.1842,127.7558,60.08,67,75,12.66,broken clouds
281,Hasaki,JP,35.7333,140.8333,37.22,60,99,17.65,overcast clouds
282,Key West,US,24.5557,-81.7826,78.8,70,20,14.97,few clouds
283,Mehamn,NO,71.0357,27.8492,28.35,74,75,14.97,light snow
284,Maldonado,UY,-34.6667,-54.9167,78.19,52,93,16.17,overcast clouds
285,Aripuana,BR,-9.1667,-60.6333,73.27,96,100,0.81,overcast clouds
286,Springdale,US,36.1867,-94.1288,57.81,79,75,9.22,broken clouds
287,Tutoia,BR,-2.7619,-42.2744,79.57,82,98,13.33,moderate rain
288,Mahanoro,MG,-19.9,48.8,75.56,86,100,9.98,light rain
289,Plover,US,44.4564,-89.544,34.09,76,100,10.36,overcast clouds
290,Sao Joao Da Barra,BR,-21.6403,-41.0511,80.69,88,0,11.25,clear sky
291,Pochutla,MX,15.7432,-96.4661,83.82,59,26,11.05,scattered clouds
292,Muroto,JP,33.2833,134.15,47.5,65,16,7.49,few clouds
293,Barrancabermeja,CO,7.0653,-73.8547,89.92,51,20,4.61,few clouds
294,Yarkovo,RU,57.4028,67.0786,10.26,95,93,6.2,overcast clouds
295,Mecca,SA,21.4267,39.8261,72.3,46,5,2.19,clear sky
296,Altamont,US,42.2068,-121.7372,38.79,75,100,16.11,overcast clouds
297,Gizo,SB,-8.103,156.8419,83.43,77,93,17.22,light rain
298,Port Hardy,CA,50.6996,-127.4199,37.58,100,100,6.91,light intensity shower rain
299,Gat,IL,31.61,34.7642,60.4,62,0,3.69,clear sky
300,Rafaela,AR,-31.2503,-61.4867,88.0,39,55,3.0,broken clouds
301,Candido Mota,BR,-22.7464,-50.3869,76.78,79,64,3.62,broken clouds
302,Tomatlan,MX,19.9333,-105.25,79.48,47,81,9.19,broken clouds
303,Shiyan,CN,32.6475,110.7781,37.31,44,78,5.01,broken clouds
304,Sao Filipe,CV,14.8961,-24.4956,75.29,67,1,16.26,clear sky
305,Columbia,US,34.0007,-81.0348,67.68,76,0,5.75,clear sky
306,Cotonou,BJ,6.3654,2.4183,80.19,80,44,10.51,scattered clouds
307,Kodiak,US,57.79,-152.4072,24.31,80,0,0.0,clear sky
308,Acarau,BR,-2.8856,-40.12,78.84,78,62,13.96,light rain
309,Islahiye,TR,37.025,36.6306,45.93,89,12,3.53,few clouds
310,Betafo,MG,-19.8333,46.85,61.36,84,100,11.88,overcast clouds
311,Izberbash,RU,42.5696,47.8645,41.09,84,70,8.08,broken clouds
312,Balingasay,PH,16.3573,119.8564,77.99,72,15,12.37,few clouds
313,Tilichiki,RU,60.4667,166.1,-9.81,92,100,9.06,overcast clouds
314,Inhambane,MZ,-23.865,35.3833,78.62,88,94,8.28,overcast clouds
315,Coria,ES,39.9879,-6.5377,39.45,78,3,6.15,clear sky
316,Srednekolymsk,RU,67.45,153.6833,-29.6,98,100,4.92,overcast clouds
317,Kamenka,RU,51.3223,42.7678,21.34,80,6,14.43,clear sky
318,Saint-Pierre,RE,-21.3393,55.4781,84.56,94,75,16.11,light rain
319,Suntar,RU,62.1444,117.6319,-67.43,100,81,2.59,broken clouds
320,Shellbrook,CA,53.2168,-106.4011,13.23,96,98,2.77,overcast clouds
321,Yarmouth,US,41.7057,-70.2286,48.67,76,94,10.0,overcast clouds
322,Matamoros,MX,25.5333,-103.25,79.11,9,15,4.59,few clouds
323,Makakilo City,US,21.3469,-158.0858,81.61,53,0,8.05,clear sky
324,Valparaiso,CL,-33.0393,-71.6273,69.44,100,0,11.5,clear sky
325,Queenstown,ZA,-31.8976,26.8753,71.37,56,69,3.85,broken clouds
326,Palana,RU,59.1167,159.9667,-1.26,94,100,11.99,overcast clouds
327,Abtenau,AT,47.5637,13.346,32.04,96,100,3.98,light snow
328,Caravelas,BR,-17.7125,-39.2481,76.35,85,10,5.57,clear sky
329,Vila Franca Do Campo,PT,37.7167,-25.4333,52.21,78,31,5.82,scattered clouds
330,Esperance,AU,-33.8667,121.9,58.06,77,100,10.78,overcast clouds
331,Ca Mau,VN,9.1769,105.15,73.49,74,79,3.71,broken clouds
332,Saint Anthony,US,45.0205,-93.218,33.58,83,100,13.8,overcast clouds
333,Kurkent,RU,41.712,48.1153,31.82,75,8,4.54,clear sky
334,Chaozhou,CN,23.6651,116.6379,49.86,75,23,3.36,few clouds
335,Le Port,RE,-20.9373,55.2919,84.88,93,100,6.44,light rain
336,Ulladulla,AU,-35.35,150.4667,58.87,87,100,13.4,overcast clouds
337,Sidrolandia,BR,-20.9319,-54.9614,79.56,69,90,4.79,overcast clouds
338,Manicore,BR,-5.8092,-61.3003,73.54,90,100,3.4,overcast clouds
339,Revelstoke,CA,50.9832,-118.2023,37.42,81,100,13.8,overcast clouds
340,Gornopravdinsk,RU,60.05,69.9,9.0,98,90,4.74,overcast clouds
341,Qui Nhon,VN,13.7667,109.2333,68.49,89,100,16.08,overcast clouds
342,Xichang,CN,27.8964,102.2634,31.48,71,0,2.28,clear sky
343,Biak,ID,-0.9131,122.8766,76.41,81,99,3.78,overcast clouds
344,Peachland,CA,49.7665,-119.7357,42.67,86,100,1.99,overcast clouds
345,Lewistown,US,40.5992,-77.5714,44.17,84,100,5.75,overcast clouds
346,Vao,NC,-22.6667,167.4833,72.95,74,82,22.7,light rain
347,Torbay,CA,47.6666,-52.7314,39.38,91,75,17.27,broken clouds
348,Guider,CM,9.9342,13.9486,76.21,23,97,6.35,overcast clouds
349,Dawei,MM,14.0833,98.2,66.63,75,54,4.54,broken clouds
350,Polyarnyy,RU,69.1989,33.4478,21.51,86,100,11.23,overcast clouds
351,Grand Bend,CA,43.3168,-81.7498,38.23,86,100,7.31,overcast clouds
352,Sechura,PE,-5.5569,-80.8222,78.67,55,30,16.17,scattered clouds
353,Guerrero Negro,MX,27.9769,-114.0611,60.58,51,99,11.86,overcast clouds
354,Pecos,US,31.4229,-103.4932,59.09,17,40,36.82,haze
355,Camopi,GF,3.1655,-52.3158,71.64,98,100,2.68,heavy intensity rain
356,Tasiilaq,GL,65.6145,-37.6368,3.06,81,100,5.41,overcast clouds
357,Odweyne,SO,9.4092,45.064,66.34,28,46,12.55,scattered clouds
358,Puerto Colombia,CO,10.9878,-74.9547,86.09,79,17,18.84,few clouds
359,Moville,US,42.4889,-96.0725,28.6,87,100,18.77,snow
360,Mayor Pablo Lagerenza,PY,-19.9309,-60.7718,90.82,43,69,5.12,broken clouds
361,Klaksvik,FO,62.2266,-6.589,38.32,74,94,18.72,light rain
362,Moose Factory,CA,51.2585,-80.6094,14.0,79,100,12.66,overcast clouds
363,Uige,AO,-7.6087,15.0613,65.34,95,100,1.81,overcast clouds
364,Huilong,CN,31.8111,121.655,35.19,52,5,2.28,clear sky
365,Suslovo,RU,56.2167,88.1167,9.68,90,100,11.81,overcast clouds
366,Kidal,ML,18.4411,1.4078,67.93,14,58,5.48,broken clouds
367,Alofi,NU,-19.0595,-169.9187,85.89,70,40,8.05,scattered clouds
368,Chulumani,BO,-16.4096,-67.5263,68.58,92,96,3.36,overcast clouds
369,Saldanha,ZA,-33.0117,17.9442,68.05,98,47,7.2,scattered clouds
370,Kiama,AU,-34.6833,150.8667,64.38,90,100,3.0,overcast clouds
371,Kropotkin,RU,45.4375,40.5756,37.56,69,94,7.78,overcast clouds
372,Nikolsk,RU,53.7189,46.0712,13.1,92,73,9.93,broken clouds
373,La Ronge,CA,55.1001,-105.2842,17.85,79,100,3.44,overcast clouds
374,Den Helder,NL,52.9599,4.7593,40.98,85,75,18.01,drizzle
375,Awjilah,LY,29.1081,21.2869,58.62,38,0,9.71,clear sky
376,Belmonte,BR,-15.8631,-38.8828,76.96,82,34,5.64,scattered clouds
377,Isangel,VU,-19.55,169.2667,78.91,100,100,17.27,thunderstorm with rain
378,Atasu,KZ,48.6814,71.6433,-1.64,85,1,7.25,clear sky
379,Pimenta Bueno,BR,-11.6725,-61.1936,73.11,97,100,3.83,very heavy rain
380,Matara,LK,5.9485,80.5353,73.02,71,91,15.41,overcast clouds
381,Balakhninskiy,RU,58.0106,114.2769,-45.94,99,100,2.21,overcast clouds
382,Camacha,PT,33.0833,-16.3333,56.62,67,75,11.5,broken clouds
383,Dekar,BW,-21.5333,21.9333,72.99,58,90,5.32,overcast clouds
384,Husavik,IS,66.0449,-17.3389,24.98,73,100,11.43,overcast clouds
385,Hovd,MN,48.0056,91.6419,2.61,70,81,0.74,broken clouds
386,Smithers,CA,54.7804,-127.1743,39.52,52,75,3.44,broken clouds
387,Ronne,DK,55.1009,14.7066,37.31,75,75,5.75,broken clouds
388,Boa Vista,BR,2.8197,-60.6733,85.98,45,40,8.05,light rain
389,Mattoon,US,39.4831,-88.3728,39.45,87,100,14.97,overcast clouds
390,Vallenar,CL,-28.5708,-70.7581,82.11,32,0,8.32,clear sky
391,Ishigaki,JP,24.3448,124.1572,60.93,88,100,18.41,overcast clouds
392,Grand Gaube,MU,-20.0064,57.6608,79.2,85,100,7.0,light rain
393,San Policarpo,PH,12.1791,125.5072,78.69,86,100,11.59,overcast clouds
394,Tezu,IN,27.9167,96.1667,52.32,28,15,4.56,few clouds
395,Vestmannaeyjar,IS,63.4427,-20.2734,24.64,76,13,20.78,few clouds
396,Macheng,CN,31.1783,115.0319,35.22,43,44,2.01,scattered clouds
397,Thohoyandou,ZA,-22.9456,30.485,72.57,62,67,2.19,broken clouds
398,Kwinana,AU,-32.25,115.7667,66.16,59,4,3.0,clear sky
399,Kathu,TH,7.9178,98.3332,73.22,78,80,11.32,broken clouds
400,Auki,SB,-8.7676,160.7034,79.9,85,100,6.96,overcast clouds
401,Broken Hill,AU,-31.95,141.4333,57.9,53,5,22.86,clear sky
402,Cabo San Lucas,MX,22.8909,-109.9124,75.61,64,99,5.01,overcast clouds
403,Kavaratti,IN,10.5669,72.642,80.02,76,23,9.42,few clouds
404,Simoes,BR,-7.5989,-40.8178,81.63,45,91,5.79,overcast clouds
405,Sasovo,RU,54.3537,41.9199,25.0,81,29,16.51,scattered clouds
406,Ojinaga,MX,29.5667,-104.4167,63.55,27,0,16.11,clear sky
407,Liverpool,GB,53.4106,-2.9779,37.44,89,20,5.75,few clouds
408,Mtsensk,RU,53.2766,36.5733,35.4,91,100,24.63,moderate rain
409,Kachiry,KZ,53.0675,76.1036,5.41,79,32,10.92,scattered clouds
410,Marzuq,YE,14.4,46.4667,59.94,51,8,3.53,clear sky
411,Lavrentiya,RU,65.5833,-171.0,-22.31,93,13,7.36,few clouds
412,Miri,MY,4.4148,114.0089,75.34,94,40,4.61,scattered clouds
413,Angoche,MZ,-16.2325,39.9086,78.37,81,97,3.98,overcast clouds
414,Lingao,CN,19.9103,109.6859,59.14,80,95,9.93,overcast clouds
415,Ambon,ID,-3.6954,128.1814,77.23,15,20,4.61,few clouds
416,Xuanzhou,CN,30.9525,118.7553,34.36,56,17,3.18,few clouds
417,Bousso,TD,10.4795,16.7117,75.42,21,99,6.76,overcast clouds
418,Antofagasta,CL,-23.65,-70.4,70.88,72,16,7.83,few clouds
419,Xinzhou,CN,38.4092,112.7333,14.99,71,0,4.16,clear sky
420,Argir,FO,61.9959,-6.7715,38.37,79,63,16.04,light rain
421,Osimo,IT,43.4828,13.4875,43.77,67,100,3.44,overcast clouds
422,Morondava,MG,-20.2833,44.2833,80.78,56,64,14.34,broken clouds
423,Hobyo,SO,5.3505,48.5268,76.41,80,61,19.26,broken clouds
424,Nome,US,64.5011,-165.4064,-11.13,70,0,4.61,clear sky
425,Reconquista,AR,-29.15,-59.65,102.85,19,14,5.46,few clouds
426,Ancud,CL,-41.8697,-73.8203,65.88,62,46,4.92,scattered clouds
427,Saint-Augustin,CA,51.226,-58.6502,31.77,100,100,2.8,overcast clouds
428,Mathathane,BW,-22.2687,28.7495,78.64,51,91,8.84,overcast clouds
429,Oranjestad,AW,12.524,-70.027,82.35,79,75,19.57,broken clouds
430,Kutum,SD,14.2,24.6667,62.83,21,100,6.02,overcast clouds
431,Douglas,US,41.3,-96.167,32.88,93,100,16.11,moderate rain
432,Qorveh,IR,35.1664,47.8045,22.23,86,4,0.89,clear sky
433,Iranshahr,IR,27.2025,60.6848,50.34,93,100,0.0,overcast clouds
434,Show Low,US,34.2542,-110.0298,37.08,67,75,13.8,broken clouds
435,Alyangula,AU,-13.8483,136.4192,79.93,83,100,15.26,light rain
436,Taoudenni,ML,22.6783,-3.9836,69.19,24,100,9.8,overcast clouds
437,Lalibela,ET,12.0333,39.0333,56.79,52,41,7.49,scattered clouds
438,Lavumisa,SZ,-27.31,31.892,72.79,90,44,4.25,scattered clouds
439,Sri Aman,MY,1.2376,111.4621,75.25,94,92,0.0,overcast clouds
440,Vostok,RU,46.4856,135.8833,-4.99,87,100,4.16,overcast clouds
441,Kenai,US,60.5544,-151.2583,23.14,91,40,3.44,snow
442,Siyabuswa,ZA,-25.1132,29.0445,72.63,56,100,2.42,overcast clouds
443,Cabot,US,34.9745,-92.0165,58.96,92,100,6.91,light rain
444,Mezen,RU,65.8522,44.24,25.12,94,100,9.13,overcast clouds
445,Kaili,ID,-3.4626,120.2147,67.32,88,96,2.75,overcast clouds
446,Brasileia,BR,-11.0161,-68.7481,76.53,96,89,1.74,overcast clouds
447,Morro Bay,US,35.3658,-120.8499,61.5,64,71,8.01,broken clouds
448,Arman,RU,59.7,150.1667,-14.06,76,100,13.96,overcast clouds
449,Kysyl-Syr,RU,63.8986,122.7617,-61.67,99,68,4.03,broken clouds
450,Toma,BF,12.7667,-2.8833,72.14,15,0,9.06,clear sky
451,Menongue,AO,-14.6585,17.691,62.67,93,97,4.23,overcast clouds
452,Okakarara,NA,-20.5833,17.4333,69.57,77,94,10.45,light rain
453,Gamba,GA,-2.65,10.0,77.94,84,100,4.38,overcast clouds
454,Ilo,PE,-17.6394,-71.3375,74.26,69,0,12.66,clear sky
455,Touros,BR,-5.1989,-35.4608,79.41,77,81,11.92,broken clouds
456,Antalaha,MG,-14.9003,50.2788,77.67,94,100,20.09,heavy intensity rain
457,Ystad,SE,55.4297,13.8204,31.37,72,99,10.38,overcast clouds
458,Port Blair,IN,11.6667,92.75,69.84,88,98,0.0,mist
459,Nemuro,JP,43.3236,145.575,20.14,70,60,11.65,broken clouds
460,Pomichna,UA,48.2422,31.4158,43.65,96,43,11.63,scattered clouds
461,Finnsnes,NO,69.2296,17.9811,25.41,85,100,5.77,overcast clouds
462,Mitsamiouli,KM,-11.3847,43.2844,80.83,76,97,6.08,overcast clouds
463,San Carlos,VE,9.6612,-68.5827,88.11,38,77,2.57,broken clouds
464,Asbestovskiy,RU,57.7557,61.3967,12.63,84,69,8.66,broken clouds
465,Delvada,IN,20.7667,71.0333,65.21,35,1,6.76,clear sky
466,Monrovia,LR,6.3005,-10.7969,76.77,88,98,8.9,overcast clouds
467,Kishtwar,IN,33.3167,75.7667,36.34,73,100,1.1,overcast clouds
468,Maceio,BR,-9.6658,-35.7353,81.84,78,40,9.22,scattered clouds
469,Bairiki,KI,1.3292,172.9752,82.4,83,75,8.05,light rain
470,Anadyr,RU,64.75,177.4833,-19.7,76,40,8.95,scattered clouds
471,Tual,ID,-5.6667,132.75,83.08,75,99,16.2,overcast clouds
472,Oyem,GA,1.5995,11.5793,68.83,86,41,2.82,scattered clouds
473,Maneadero,MX,31.7167,-116.5667,60.1,67,78,3.0,broken clouds
474,Anchorage,US,61.2181,-149.9003,26.92,89,0,6.91,fog
475,Ekhabi,RU,53.5102,142.9671,-37.88,100,43,5.1,scattered clouds
476,Mackay,AU,-21.15,149.2,79.68,80,50,19.33,scattered clouds
477,Nanganga,TZ,-10.3833,39.15,71.64,97,95,2.1,overcast clouds
478,Moen,NO,69.1304,18.6123,25.52,68,75,5.75,broken clouds
479,Bjerkvik,NO,68.5597,17.5189,28.22,74,100,1.01,overcast clouds
480,Sinjar,IQ,36.3209,41.8754,47.62,69,3,6.35,clear sky
481,West Wendover,US,40.7391,-114.0733,29.7,70,11,0.69,few clouds
482,Christchurch,NZ,-43.5333,172.6333,72.41,65,40,20.71,scattered clouds
483,Nabire,ID,-3.3667,135.4833,74.68,90,99,2.48,overcast clouds
484,Fairbanks,US,64.8378,-147.7164,-0.08,78,20,0.0,few clouds
485,Krasni Okny,UA,47.5404,29.46,49.32,83,30,6.46,scattered clouds
486,At-Bashi,KG,41.1702,75.8106,-5.04,53,0,4.03,clear sky
487,Sistranda,NO,63.7256,8.834,31.96,98,100,14.45,light snow
488,Semey,KZ,50.4111,80.2275,-5.85,98,46,4.65,scattered clouds
489,Mount Gambier,AU,-37.8333,140.7667,59.25,48,68,11.1,broken clouds
490,Vlissingen,NL,51.4425,3.5736,42.76,73,40,18.41,scattered clouds
491,Ipixuna,BR,-1.7625,-48.8043,71.96,98,100,2.15,light rain
492,Tambura,SS,5.6,27.4667,74.88,25,2,5.95,clear sky
493,Bodden Town,KY,19.2833,-81.25,82.4,64,20,18.41,few clouds
494,Okhotsk,RU,59.3833,143.3,-15.63,76,100,9.19,overcast clouds
495,Reporoa,NZ,-38.4333,176.35,65.21,74,100,5.21,overcast clouds
496,Andenes,NO,69.3143,16.1194,31.98,64,0,11.5,clear sky
497,Emerald,AU,-23.5333,148.1667,72.34,80,0,6.22,clear sky
498,Balkhash,KZ,46.844,74.9804,5.61,80,1,12.26,clear sky
499,Medveditskiy,RU,50.7852,44.7129,18.19,90,13,8.39,few clouds
500,Karlstad,SE,59.3793,13.5036,34.36,100,100,3.44,overcast clouds
501,Nizhniy Kuranakh,RU,58.8353,125.4869,-61.73,100,100,2.21,overcast clouds
502,Rexburg,US,43.826,-111.7897,19.0,82,100,5.75,overcast clouds
503,Rio Grande,BR,-32.035,-52.0986,78.91,72,26,14.61,scattered clouds
504,Avera,US,33.194,-82.5271,67.37,79,99,4.29,overcast clouds
505,Saint-Joseph,RE,-21.3667,55.6167,83.46,87,100,13.73,light rain
506,Monte Escobedo,MX,22.3,-103.5833,66.96,12,75,11.45,broken clouds
507,Te Anau,NZ,-45.4167,167.7167,68.74,51,24,2.82,few clouds
508,Coihaique,CL,-45.5752,-72.0662,86.61,15,0,11.5,clear sky
509,Kahului,US,20.8947,-156.47,80.83,79,0,5.99,clear sky
510,Karaton,ID,-6.3424,106.1045,72.61,94,100,2.84,moderate rain
511,Sapouy,BF,11.5544,-1.7736,72.66,17,1,6.93,clear sky
512,Hay River,CA,60.8156,-115.7999,13.96,85,100,4.61,overcast clouds
513,Puerto El Triunfo,SV,13.2833,-88.55,82.09,58,0,9.13,clear sky
514,Kelowna,CA,49.8831,-119.4857,40.35,89,100,5.75,overcast clouds
515,Acaponeta,MX,22.4964,-105.3594,82.36,35,42,7.7,scattered clouds
516,Aanekoski,FI,62.6946,25.818,35.85,100,100,6.71,overcast clouds
517,Roald,NO,62.5833,6.1333,37.54,87,75,11.5,broken clouds
518,Sao Miguel Do Araguaia,BR,-13.275,-50.1628,75.18,82,77,3.2,light rain
519,Sakakah,SA,29.9697,40.2064,49.57,57,0,3.24,clear sky
520,Khanpur,PK,28.6453,70.6567,54.75,24,96,11.34,overcast clouds
521,Rocha,UY,-34.4833,-54.3333,75.09,63,98,13.04,overcast clouds
522,Thessalon,CA,46.2501,-83.5666,34.09,87,45,5.97,scattered clouds
523,Mongu,ZM,-15.2484,23.1274,67.41,94,100,5.97,light rain
524,Tanabe,JP,33.7333,135.3667,38.86,77,8,8.48,clear sky
525,Faya,SA,18.3851,42.4509,53.71,65,66,4.14,broken clouds
526,Dzhebariki-Khaya,RU,62.2167,135.8,-58.54,99,100,1.61,overcast clouds
527,Poum,NC,-20.2333,164.0167,79.66,72,72,14.52,broken clouds
528,Bacolod,PH,10.6667,122.95,75.63,88,86,12.75,overcast clouds
529,Malchevskaya,RU,49.0552,40.3625,28.18,88,95,13.6,overcast clouds
530,Homer,US,59.6425,-151.5483,30.78,93,100,0.0,light snow
531,Tiarei,PF,-17.5333,-149.3333,84.22,72,58,15.97,broken clouds
532,Cutervo,PE,-6.379,-78.8157,58.87,74,97,3.83,moderate rain
533,Anloga,GH,5.7947,0.8973,81.07,80,65,9.73,broken clouds
534,Ikom,NG,5.9667,8.7063,76.69,49,60,3.56,broken clouds
535,Los Llanos De Aridane,ES,28.6585,-17.9182,59.13,79,100,13.8,light rain
536,Leningradskiy,RU,69.3833,178.4167,-20.29,98,100,23.49,light snow
537,Sosnogorsk,RU,63.6023,53.8817,16.23,95,100,6.46,overcast clouds
538,Matagami,CA,49.7502,-77.6328,15.91,86,100,18.41,light snow
539,Quebrangulo,BR,-9.3189,-36.4711,73.42,78,67,10.89,light rain
540,Bima,ID,-8.4667,118.7167,75.63,93,98,1.21,overcast clouds
541,Ostersund,SE,63.1792,14.6357,31.6,100,75,8.05,broken clouds
542,Konin,PL,52.2234,18.2512,33.71,92,100,2.75,overcast clouds
543,Talcahuano,CL,-36.7167,-73.1167,64.08,72,0,9.22,clear sky
544,Meulaboh,ID,4.1363,96.1285,72.54,84,88,3.13,overcast clouds
545,Namatanai,PG,-3.6667,152.4333,81.88,77,63,5.08,light rain
546,Parabel,RU,58.6978,81.4825,-1.64,98,100,4.56,overcast clouds
547,Port-Cartier,CA,50.0334,-66.8654,34.75,88,100,7.02,overcast clouds
548,Skjervoy,NO,70.0311,20.9714,24.8,68,100,19.69,overcast clouds
549,Cody,US,44.5263,-109.0565,39.25,34,0,10.36,clear sky
550,Porteirinha,BR,-15.7433,-43.0283,73.06,75,0,6.6,clear sky
551,Neuquen,AR,-38.9516,-68.0591,89.49,33,0,3.44,clear sky
552,Carnot,CF,4.9409,15.8665,72.14,29,88,2.53,overcast clouds
553,The Valley,AI,18.217,-63.0578,80.46,73,20,8.05,few clouds
554,Bexhill,AU,-28.7667,153.35,74.43,75,3,1.01,clear sky
555,Puerto Del Rosario,ES,28.5004,-13.8627,62.35,77,40,14.97,scattered clouds
556,Betare Oya,CM,5.6,14.0833,73.65,28,100,5.21,overcast clouds
557,Agadir,MA,30.4202,-9.5982,59.45,60,0,9.22,clear sky
558,Santa Quiteria,BR,-4.3319,-40.1567,78.39,72,92,4.23,overcast clouds
559,Chenzhou,CN,25.8,113.0333,43.97,63,100,2.44,overcast clouds
560,Zhangye,CN,38.9342,100.4517,6.04,74,5,3.76,clear sky
561,Chapais,CA,49.7834,-74.8492,24.58,91,100,11.43,overcast clouds
562,Iquique,CL,-20.2208,-70.1431,75.24,73,40,7.94,scattered clouds
563,Qasigiannguit,GL,68.8193,-51.1922,-30.24,68,0,4.38,clear sky
564,Marabba,SD,12.35,32.1833,74.77,36,21,13.76,few clouds
565,Wamba,NG,8.9333,8.6,75.18,24,58,3.2,broken clouds
566,Inta,RU,66.0317,60.1659,11.64,92,88,10.78,overcast clouds
567,Albanel,CA,48.8832,-72.4487,30.34,69,100,13.8,overcast clouds
568,Mocuba,MZ,-16.8392,36.9856,72.39,98,78,1.95,broken clouds
569,Racconigi,IT,44.7698,7.6789,37.71,79,18,1.95,few clouds
570,Myitkyina,MM,25.3833,97.4,52.25,70,0,2.84,clear sky
571,Gardner,US,42.5751,-71.9981,43.02,72,100,1.99,overcast clouds
572,Avanigadda,IN,16.0215,80.9181,65.97,87,23,1.14,few clouds
573,Banjar,ID,-8.19,114.9675,76.93,91,100,3.27,overcast clouds
574,Oranjemund,NA,-28.55,16.4333,64.96,94,17,5.39,few clouds
575,Pushkar,IN,26.5,74.55,47.97,38,0,4.63,clear sky
576,Kailua,US,21.4022,-157.7394,82.15,70,1,5.55,clear sky
577,Celestun,MX,20.8667,-90.4,82.22,61,82,7.76,broken clouds
578,Beloha,MG,-25.1667,45.05,73.24,80,1,13.22,clear sky
579,Montrose,US,38.4166,-108.2673,22.41,77,96,10.49,light snow
580,Rajapur,IN,25.3833,81.15,46.96,54,0,2.75,clear sky
581,Walvis Bay,NA,-22.9575,14.5053,68.09,88,18,5.75,few clouds
582,Mao,ES,39.8885,4.2658,45.16,70,20,3.44,few clouds
583,Newry,GB,54.1784,-6.3374,32.11,84,36,4.38,scattered clouds
584,Marsa Matruh,EG,31.3525,27.2453,53.8,82,0,6.91,clear sky
585,Tuatapere,NZ,-46.1333,167.6833,68.85,53,27,1.52,scattered clouds
586,Verkhnevilyuysk,RU,63.4453,120.3167,-69.7,100,69,2.15,broken clouds
587,Price,US,39.5994,-110.8107,35.11,65,5,10.85,clear sky
588,Salinopolis,BR,-0.6136,-47.3561,74.55,87,100,6.96,overcast clouds
589,Tautira,PF,-17.7333,-149.15,80.69,72,46,16.26,scattered clouds
590,Pangnirtung,CA,66.1451,-65.7125,-11.2,53,0,0.0,clear sky
591,Goderich,CA,43.7501,-81.7165,37.9,93,100,5.75,overcast clouds
592,Coquimbo,CL,-29.9533,-71.3436,67.73,72,20,13.8,few clouds
593,Horasan,TR,40.0458,42.1728,28.06,65,68,2.44,broken clouds
594,Mulanje,MW,-16.0316,35.5,68.2,95,100,4.09,overcast clouds
595,Sioux Lookout,CA,50.1001,-91.917,15.87,79,100,3.44,overcast clouds
596,Togul,RU,53.465,85.9128,4.89,95,100,7.09,overcast clouds
597,Yar-Sale,RU,66.8333,70.8333,-3.23,100,89,3.89,overcast clouds
598,Kiunga,PG,-6.1219,141.2906,74.07,99,100,3.02,overcast clouds
599,Cascas,PE,-7.4833,-78.8167,72.0,59,82,8.55,broken clouds
600,Jiaocheng,CN,24.6774,116.1389,42.06,79,0,3.04,clear sky
601,Emba,KZ,48.8264,58.1442,8.96,76,98,8.19,overcast clouds
602,Laguna,US,38.421,-121.4238,55.76,70,75,5.01,broken clouds
603,Castro-Urdiales,ES,43.3829,-3.2204,48.97,82,99,15.5,light rain
604,George Town,MY,5.4112,100.3354,79.95,86,20,6.91,few clouds
605,Port Hedland,AU,-20.3167,118.5667,77.05,94,75,9.22,light rain
606,Nantucket,US,41.2835,-70.0995,48.15,77,66,25.46,broken clouds
607,Khipro,PK,25.8285,69.3772,57.85,14,6,7.29,clear sky
608,Itirucu,BR,-13.5317,-40.1503,65.82,94,45,3.78,scattered clouds
609,Tahoua,NE,14.8888,5.2692,73.38,17,0,4.61,clear sky
610,Sur,OM,22.5667,59.5289,71.78,80,86,11.72,overcast clouds
611,Archidona,ES,37.0965,-4.3887,44.4,82,25,6.11,scattered clouds
612,Kalamnuri,IN,19.6667,77.3333,66.22,46,4,5.21,clear sky
613,Vardo,NO,70.3705,31.1107,28.38,100,100,25.32,snow
614,Northam,GB,51.0333,-4.2167,40.24,89,73,15.75,broken clouds
615,Kangaatsiaq,GL,68.3065,-53.4641,-21.46,81,3,8.32,clear sky
616,Seguela,CI,7.9611,-6.6731,77.4,16,0,1.99,clear sky
617,Soyo,AO,-6.1349,12.3689,79.83,85,100,6.8,light rain
618,Kousseri,CM,12.0769,15.0306,67.96,40,6,3.44,clear sky
619,Watrous,CA,51.6668,-105.4679,19.18,93,100,10.36,overcast clouds
620,Shingu,JP,33.7333,135.9833,36.9,78,3,6.11,clear sky
621,Fallon,US,39.4735,-118.7774,36.1,62,80,6.17,broken clouds
622,Quzhou,CN,28.9594,118.8686,37.89,71,77,1.97,broken clouds
623,Vagur,FO,61.4732,-6.8119,36.45,95,100,43.04,light rain
624,Moshupa,BW,-24.7782,25.4155,73.18,52,23,6.2,few clouds
625,Mandan,US,46.8267,-100.8896,20.41,92,100,6.91,overcast clouds
626,Hinatuan,PH,8.3722,126.3342,75.0,93,66,2.91,broken clouds
627,Malanje,AO,-9.5402,16.341,63.27,94,98,2.51,overcast clouds
628,Sapa,PH,5.1544,120.3241,79.03,83,59,2.08,broken clouds
629,Ha Tinh,VN,18.3333,105.9,56.57,87,100,3.74,overcast clouds
630,Tucuma,BR,-0.1833,-50.05,73.27,93,100,6.31,overcast clouds
631,Sultanpur,IN,26.2667,82.0667,45.21,53,0,2.73,clear sky
632,Lithakia,GR,37.7167,20.8333,61.97,84,100,23.67,overcast clouds
633,Malyye Derbety,RU,47.9547,44.6808,22.42,76,1,8.3,clear sky
634,Hearst,CA,49.6835,-83.6665,12.45,95,100,5.17,overcast clouds
635,Kumbo,CM,6.2,10.6667,62.15,37,54,3.89,broken clouds
636,Wewak,PG,-3.5534,143.6268,77.97,87,99,7.65,light rain
637,Port Shepstone,ZA,-30.7414,30.455,75.9,93,86,8.01,overcast clouds
638,Namibe,AO,-15.1961,12.1522,74.77,71,100,8.05,overcast clouds
639,Andilamena,MG,-17.0167,48.5833,63.77,90,100,14.36,moderate rain
640,Zalantun,CN,48.0,122.7167,-7.15,91,100,3.47,overcast clouds
641,Havre-Saint-Pierre,CA,50.2334,-63.5986,34.16,100,100,4.61,mist
642,Dum Duma,IN,27.5667,95.5667,50.79,76,3,2.93,clear sky
643,Montague,US,42.5356,-72.5351,44.11,82,99,5.01,overcast clouds
644,Mabaruma,GY,8.2,-59.7833,72.77,83,65,3.87,broken clouds
645,Nyirvasvari,HU,47.8167,22.1868,43.18,89,96,8.93,overcast clouds
646,Filadelfia,US,39.9523,-75.1638,51.22,61,97,5.01,overcast clouds
647,Kitimat,CA,54.0524,-128.6534,37.9,29,87,1.01,light rain
648,Beyneu,KZ,45.3167,55.2,26.01,63,6,9.66,clear sky
649,Dong Hoi,VN,17.4833,106.6,60.03,90,99,9.22,overcast clouds
650,Saint-Francois,FR,46.4154,3.9054,27.84,93,100,3.44,overcast clouds
651,Mahon,ES,39.8885,4.2658,45.16,70,20,3.44,few clouds
652,Parsabad,IR,39.6482,47.9174,38.48,89,0,1.77,clear sky
653,Bijie,CN,27.3125,105.2942,29.23,82,100,5.32,overcast clouds
654,Santa Adelia,BR,-21.2428,-48.8042,78.28,63,96,4.25,overcast clouds
655,Paamiut,GL,61.994,-49.6678,26.46,95,100,6.98,light snow
656,Hit,IQ,33.6416,42.8251,53.83,70,0,9.71,clear sky
657,Khani,GE,41.9563,42.9566,35.17,65,74,6.58,broken clouds
658,Newport,GB,51.5877,-2.9984,36.82,92,9,11.88,clear sky
659,Trinidad,BO,-14.8333,-64.9,77.86,87,100,3.09,light rain
660,Yumen,CN,40.2833,97.2,8.65,67,56,17.31,broken clouds
661,Orlik,RU,52.5178,99.825,-30.55,96,31,2.98,scattered clouds
662,Estelle,US,29.8458,-90.1067,78.01,76,75,17.27,broken clouds
663,Zhuzhou,CN,27.8333,113.15,43.97,63,96,0.92,overcast clouds
664,Sabang,ID,5.8933,95.3214,80.06,74,100,16.06,overcast clouds
665,Udachnyy,RU,66.4167,112.4,-55.98,100,81,1.45,broken clouds
666,Kendari,ID,-3.945,122.4989,74.48,93,100,2.39,light rain
667,Mercedes,AR,-34.6515,-59.4307,83.79,29,99,9.66,light rain
668,San Quintin,MX,30.4833,-115.95,58.68,53,99,8.88,overcast clouds
669,Hede,CN,33.7681,120.2517,31.19,63,99,6.49,overcast clouds
670,Champerico,GT,14.3,-91.9167,81.88,57,24,12.82,few clouds
671,San Ignacio,BZ,17.1561,-89.0714,87.1,49,0,7.83,clear sky
672,Krasnoselkup,RU,65.7,82.4667,-10.66,96,100,13.58,overcast clouds
673,Saint-Georges,GD,12.0564,-61.7485,82.08,69,20,13.8,few clouds
674,Tiznit,MA,29.5833,-9.5,52.39,79,2,3.8,clear sky
675,Beringovskiy,RU,63.05,179.3167,-23.6,93,27,5.28,scattered clouds
676,Bandar-E Lengeh,IR,26.5579,54.8807,66.74,62,79,7.18,broken clouds
677,Binabalian,PH,16.4202,119.9279,78.39,73,17,14.18,few clouds
678,Jumla,NP,29.2747,82.1838,32.95,28,39,4.45,scattered clouds
679,Luzhou,CN,28.8724,105.4405,39.2,74,3,1.77,clear sky
680,Kedgwick,CA,47.6446,-67.3434,31.86,97,100,8.43,snow
681,Ketchikan,US,55.3422,-131.6461,37.38,90,100,4.76,moderate rain
682,Kasongo,CD,-4.45,26.6667,67.21,98,72,1.34,light rain
683,Tuy Hoa,VN,13.0833,109.3,69.37,88,100,11.21,overcast clouds
684,Strezhevoy,RU,60.7333,77.5889,1.51,97,92,8.59,overcast clouds
685,Ust-Nera,RU,64.5667,143.2,-28.39,100,100,5.86,overcast clouds
686,Berlevag,NO,70.8578,29.0864,28.4,74,75,19.57,light snow
687,Corn Island,NI,12.1694,-83.0418,80.42,73,26,9.4,scattered clouds
688,Barcelos,PT,41.5388,-8.6151,42.85,84,17,4.76,few clouds
689,Deder,ET,9.3167,41.45,51.8,44,83,6.44,broken clouds
690,Voh,NC,-20.9667,164.7,79.79,73,33,6.6,scattered clouds
691,Cape Canaveral,US,28.4058,-80.6048,74.05,71,0,5.75,clear sky
692,Umea,SE,63.8284,20.2597,33.73,93,75,10.36,light snow
693,Nizhniy Chir,RU,48.3597,43.0865,24.01,77,3,8.86,clear sky
694,Rio Gallegos,AR,-51.6226,-69.2181,71.02,39,2,18.05,clear sky
695,Catamarca,AR,-28.4696,-65.7852,82.58,46,76,10.71,broken clouds
696,Tarakan,ID,3.3,117.6333,77.59,84,57,3.22,broken clouds
